Abbreviation,Name
集装箱控股,中集集团集装箱控股有限公司
中集BVI,"中集控股（B.V.I.）有限公司
CIMC Holdings (B.V.I.) Limited"
Fentalic,Fentalic Limited
冷链投资,中集集团冷链投资有限公司
东部物流,"深圳南方中集东部物流装备制造有限公司 
Shenzhen Southern CIMC Eastern Logistics Equipment  Manufacture Co., Ltd."
东莞中集,东莞南方中集物流装备制造有限公司
新会中集,"新会中集集装箱有限公司
Xinhui CIMC Container Co. Ltd.(并购)"
新会特箱,"广东新会中集特种运输设备有限公司
GuangDong XINHUI CIMC Special Transpotation Equipment Co.,LTD"
漳州中集,"漳州中集集装箱有限公司
ZHANGZHOU CIMC CONTAINER CO., LTD.（并购）"
宁波物流装备,"宁波中集物流装备有限公司
Ningbo CIMC Logistic Equipment Co.,Ltd"
上海洋山,上海中集洋山物流装备有限公司
上海宝伟,"上海中集宝伟工业有限公司
SHANGHAI CIMC BAOWELL INDUSTRIES CO., LTD（并购）"
南通特箱,"南通中集特种运输设备制造有限公司
Nantong CIMC-Special Transportation Equipment Manufacture Co., Ltd."
太仓中集,"太仓中集集装箱制造有限公司　　                              
Taicang CIMC Container Co., Ltd.　"
太仓特箱,"太仓中集特种物流装备有限公司
TAICANG CIMC SPECIAL LOGISTICS EQUIPMENT CO.,LTD."
太仓冷箱,太仓中集冷藏物流装备有限公司
青岛冷箱,"青岛中集冷藏箱制造有限公司
Qingdao CIMC Reefer Container Manufacture Co., Ltd.（并购）"
青岛特冷,青岛中集特种冷藏设备有限公司
冷链研究院,中集冷链研究院有限公司
青岛中集,青岛中集集装箱制造有限公司Qingdao CIMC Container Manufacture Co. Ltd.（并购）
天津中集,天津中集集装箱有限公司
中集技术,中集技术有限公司
鹏丰创业,深圳中集鹏丰创业投资有限公司
精新相能,北京中集精新相能科技有限公司
中集冷云,中集冷云（北京）供应链管理有限公司
北京智冷,北京中集智冷科技有限公司
成都佳睿,成都佳睿相变科技有限公司
三河精新,三河市精新相能保温材料有限公司
杭州精新,杭州精新相能科技有限公司
理德传动,中集理德传动系统扬州有限公司
前海瑞集,深圳前海瑞集科技有限公司
中集创赢,青岛中集创赢复合材料科技有限公司
扬州通利,扬州通利冷藏集装箱有限公司
扬州润扬,扬州润扬物流装备有限公司
扬州利军,扬州利军工贸有限公司
扬州泰利,扬州泰利特种装备有限公司
南特物流,南通中集特种物流装备发展有限公司
宜客通,中集宜客通零部件有限公司
南通顺达,"南通中集顺达集装箱有限公司
Nantong CIMC-Smooth Sail Container Co. Ltd.（并购）"
纽敦光电,纽敦光电科技（上海）有限公司 
内蒙古木业,"内蒙古呼伦贝尔中集木业有限公司INNERMONGOLIA  HOLONBUIR  CIMC  WOOD CO., LTD."
上海冷箱,"上海中集冷藏箱有限公司
Shanghai CIMC Reefer Container Co. Ltd."
基金公司,基金公司
新余金轩,新余金轩投资管理合伙企业（有限合伙）
中集中车物流基金,深圳中集中车物流与智慧交通股权投资基金合伙企业（有限合伙）
中集新材,中集新型环保材料股份有限公司
深圳新材,深圳市中集新材科技发展有限公司
嘉兴木业,嘉兴中集木业有限公司
宁国木业,宁国中集竹木制品有限公司
湖南木业,湖南中集新材料科技有限公司
浙江腾龙竹业,浙江中集腾龙竹业有限公司
龙岩中集,龙岩中集新材料开发有限公司
力达化学,青岛力达化学有限公司
青岛新材,青岛中集新材料有限公司
江苏中集,江苏中集环保新材料有限公司
徐州中集新材,徐州中集新材科技发展有限公司
徐州木业,徐州中集木业有限公司
盐城中集,盐城中集环保新材料有限公司
浙江鑫隆竹业,浙江鑫隆竹业有限公司
宁国广申,宁国广申竹木制品有限公司
青晨竹业,福建省青晨竹业有限公司
投资控股,深圳中集投资控股有限公司
模块化房屋,深圳中集模块化房屋有限公司
天津北洋,"天津中集北洋集装箱有限公司 
Tianjin CIMC North Ocean Container Co. Ltd.（并购）"
Domino,Domino Flatracks Ltd.(由Clive-Smith Cowly Limited变更而来)
新洋木业,新洋木业（香港）有限公司
南方中集,"深圳南方中集集装箱制造有限公司
Shenzhen Southern CIMC Container Manufacture Co. Ltd."
前海投资,深圳前海中集投资发展有限公司
前海集云,前海集云实业发展（深圳）有限公司
前海精集,前海精集（深圳）实业发展有限公司
前海英集,前海英集（深圳）实业发展有限公司
前海创集,前海创集（深圳）实业发展有限公司
前海盛集,前海盛集（深圳）实业发展有限公司
前海世集,前海世集（深圳）实业发展有限公司
 ,中集车辆(集团)股份有限公司
深圳专用车,深圳中集专用车有限公司 
东莞专用车,东莞中集专用车有限公司
江门车辆,中集车辆（江门市）有限公司
扬州通华,扬州中集通华专用车有限公司  
中集华骏,驻马店中集华骏车辆有限公司  
甘肃华骏,甘肃中集华骏车辆有限公司
芜湖车辆,芜湖中集瑞江汽车有限公司
青岛冷藏车,青岛中集冷藏运输设备有限公司
青岛环保,青岛中集环境保护设备有限公司
青岛中集智能物流装备,青岛中集智能物流装备有限公司
青岛专用车,青岛中集专用车有限公司
山东车辆,中集车辆(山东)有限公司
山东万事达,山东万事达专用汽车制造有限公司
梁山东岳,梁山中集东岳车辆有限公司
西安陕汽,中集陕汽重卡(西安)专用车有限公司
辽宁车辆,中集车辆(辽宁)有限公司
中集凌宇,洛阳中集凌宇汽车有限公司
华骏铸造,驻马店中集华骏铸造有限公司
万佳车轴,驻马店中集万佳车轴有限公司
上海专用车,上海中集专用车有限公司
新疆车辆,中集车辆(集团)新疆有限公司
秦皇岛车辆,中集冀东(秦皇岛)车辆制造有限公司
,镇江中集车辆智能物流装备有限公司
,江门中集智能物流装备有限公司
江苏宝京,江苏宝京汽车部件有限公司
车辆营销,深圳中集车辆营销服务有限公司
车辆销售,深圳中集车辆销售有限公司
广州车辆,广州中集车辆物流装备有限公司
广州销售,广州中集车辆销售有限公司
上海汽销,上海中集汽车销售服务有限公司
上海希玛克,上海希玛克运输服务有限公司
四川车辆,四川中集车辆物流装备有限公司
重庆车辆,重庆中集车辆销售服务有限公司
厦门车辆,厦门中集车辆物流装备有限公司
南宁车辆,南宁中集车辆物流装备有限公司
华骏汽贸,驻马店市中集华骏汽车贸易有限公司
天津车辆,天津中集车辆物流装备有限公司
沈阳车辆,辽宁中集车辆物流装备有限公司
北京汽销,北京中集车辆销售服务有限公司
陕西车辆,陕西中集车辆销售服务有限公司
新疆4S,中集车辆（集团）新疆物流装备有限公司
内蒙古车辆,内蒙古中集车辆物流装备有限公司
湖北车辆,湖北中集车辆销售服务有限公司
成都产业园投资,成都中集产业园投资开发有限公司
成都产业园经营管理,成都中集产业园经营管理有限公司
装备园,上海中集车辆物流装备有限公司 
上海汽检,上海中集汽车检测修理有限公司
上海宝检,上海中集宝检汽车综合检测有限公司
深圳车辆产业园,深圳中集车辆园投资管理有限公司
陕西车辆产业园,陕西中集车辆产业园投资开发有限公司
陕西车辆产业园管理,陕西中集车辆产业园经营管理有限公司
成都交通装备,成都中集交通装备制造有限公司
沈阳中集车辆市场管理,沈阳中集车辆市场管理有限公司
,沈阳中集产业园投资开发有限公司
森钜科技材料,森钜（江门）科技材料有限公司
上海厢通汽车,上海厢通汽车零部件有限公司
凯卓立,深圳市凯卓立液压设备股份有限公司
,森钜（上海）国际贸易有限公司
,上海鑫百勤专用车辆有限公司
,深圳市星火车联科技有限公司
,镇江神行太保科技有限公司
,宁波华翔汽车新材料科技有限公司
,深圳数翔科技有限公司
,江苏万京技术有限公司
江苏挂车帮,江苏挂车帮租赁有限公司
升集物流公司,深圳升集物流运输有限公司
,武汉升集物流运输有限公司
,上海容极物流有限公司
广州甩挂,广州中集车辆甩挂租赁有限公司
"CIMC Vehicle
（BVI）","CIMC Vehicle Investment Holdings Co., Ltd."
万生科技,"Manson Technology Limited
万生科技有限公司"
CIMC Vehicles(HK),CIMC VEHICLES (HK) LTD
Holdings Aus,CIMC Holdings Australia Pty Ltd
Australia Road Transport Equipment Pty,CIMC AUSTRALIA ROAD TRANSPORT EQUIPMENT PTY LTD
CharmBeat,Charm Beat Enterprises Limited 
Vehicle Europe Coöperatie U.A.,CIMC Vehicle Europe Coöperatie U.A.
Burg Carrosserie B.V.,Burg Carrosserie B.V.
Exploitatiemaatschappij Intraprogres B.V.,Exploitatiemaatschappij Intraprogres B.V.
Vehicle Europe GmbH,CIMC Vehicle Europe GmbH
美国中集,"CIMC USA, INC.
中集美国有限公司"
CIE,"CIMC Intermodal Equipment
(前身为Direct Chassis, LLC)"
Vanguard,Vanguard National Trailer Corporation
CRTI,"CIMC REEFER TRAILER,INC."
,CIMC-Commercial Tires Inc.
Vehicle Aus,CIMC Vehicle Australia Pty Ltd
MLI Aus,Marshall Lethlean Industries Pty Ltd
General Transport Equipment Pty,General Transport Equipment Pty Ltd
CIMC Rolling Stock Australia,CIMC Rolling Stock Australia Pty Ltd
,CIMC VEHICLES UK LIMITED
Retlan,Retlan Manufacturing Limited
MDF,MDF Engineering Ltd
SDC,SDC Trailers Limited
CIE UK,CIMC Intermodal Equipment UK Ltd
Lag Polska Sp.z.o.o.,LAG Polska Sp.z.o.o.
LAG Service Polska Sp.z.o.o,LAG Service Polska Sp.z.o.o
LAG Immopolska Sp.z.o.o.,LAG Immopolska Sp.z.o.o.
Trailer Poland SP Zoo,CIMC Trailer Poland SP Zoo
Burg trailer Service BV,Burg Trailer Service B.V.
Burgers Carrosserie B.V.,Burgers Carrosserie B.V.
Lag Trailers NV Bree,Lag Trailers NV Bree
,Immoburg NV 
中集泰国,"CIMC Vehicle (Thailand) Co., Ltd.
中集车辆(泰国)有限公司"
阿拉伯工厂,CIMC Arabia Factory Company Limited 中集阿拉伯工厂有限责任公司
VEHICLES (MALAYSIA) SDN BHD,CIMC VEHICLES (MALAYSIA) SDN BHD
"CIMC VEHICLES (VIETNAM) CO., LTD","CIMC Vehicles (Vietnam) Co.,Ltd."
Vehicles South Africa,CIMC Vehicles South Africa （Pty）Ltd
CIMC TRAILER RUS LLC,CIMC TRAILER RUS LLC
CVBH,CIMC Vehicles (Bahrain) Factory WLL
,Growth Fortune (Pty) Ltd
,Growth Fortune FZE
,"CIMC REFRIGERATED TRAILER CO., LTD."
Charm Wise,Charm Wise Limited
中集罐式储运装备,"中集罐式储运装备投资控股有限公司
Cimc Tank Equipment Investment Holdings Company  Limited"
安瑞科控股,"中集安瑞科控股有限公司
CIMC Enric Holdings Limited（前身为安瑞科能源装备控股有限公司
Enric Energy Equipment Holdings Limited ）"
安瑞科投资,"安瑞科投资集团有限公司           
Enric Investment Group Limited"
安瑞科廊坊投资,"安瑞科廊坊投资有限公司  
Enric Langfang Investment Limited (前身为 Canwin International Limited)"
安瑞科安徽投资,"安瑞科安徽投资有限公司
Enric Anhui Investment Limited"
安瑞科石家庄投资,"安瑞科石家庄投资有限公司
Enric Shijiazhuang
Investment Limited"
安瑞科集成(香港),"安瑞科集成(香港)有限公司  
Enric Integration (HK) Company Limited "
安瑞科香港,"中集安瑞科香港有限公司
CIMC Enric HongKong Limited "
安瑞科深圳投资控股,中集安瑞科投资控股(深圳)有限公司
荆门能源装备,中集安瑞科（荆门）能源装备有限公司
Enric Management,Enric Management Limited
石家庄气体机械,石家庄安瑞科气体机械有限公司
储运气体装备,"中集安瑞科储运气体装备公司CIMC ENRIC SJZ GAS EQUIPMENT,INC."
昆仑深冷机械,酒泉市安瑞科昆仑深冷机械有限责任公司
扬州气体机械,安瑞科气体机械扬州有限公司
廊坊能源装备,安瑞科(廊坊)能源装备集成有限公司
蚌埠压缩机,安瑞科（蚌埠）压缩机有限公司
北京新能源,北京安瑞科新能能源科技有限公司
宏图特种飞行器,荆门宏图特种飞行器制造有限公司
南京扬子石化,南京扬子石油化工设计工程有限责任公司
四川金科深冷,四川金科深冷设备工程有限公司
辽宁哈深冷,辽宁中集哈深冷气体液化设备有限公司
四川哈深冷,四川哈深冷天然气工程有限公司
山东金鲁班,山东金鲁班洁能有限公司
Sound Winner Holdings,Sound Winner Holdings Limited
Win Score Investments,Win Score Investments Limited
Perfect Vision International,Perfect Vision International Limited
南通能源装备,"南通中集能源装备有限公司
NANTONG CIMC ENERGY EQUIPMENT CO,,LTD"
南通食品装备,南通中集安瑞科食品装备有限公司
南通港务,南通中集港务发展有限公司
上海天照,上海中集天照清洁能源有限公司
中集绿建,中集绿建环保科技有限公司
南通罐式储运设备,"南通中集罐式储运设备制造有限公司 Nantong CIMC Tank Equipment Co.,LTD"
上海罐联,上海罐联供应链科技发展有限公司
,南通顺吉海洋工程技术有限公司
CIMC SOE,南通中集太平洋海洋工程有限公司
TGE GAS INVESTMENT,CIMC TGE GAS INVESTMENT SA
上海梯杰易贸易,梯杰易贸易（上海）有限公司
上海乔特波工程设计,乔特波工程设计咨询（上海）有限公司
TGE Gas Engineering Private,TGE Gas Engineering Private Limited
上海梯杰易气体工程技术,上海梯杰易气体工程技术有限公司
TGE Gas Engineering GmbH,TGE Gas Engineering GmbH
Technodyne International,Technodyne International Limited
TGE Russia,OOO TGE Gas Engineering Rus
Charm Ray Holdings,Charm Ray Holdings Limited
张家港圣达因低温装备,张家港中集圣达因低温装备有限公司
绿能深冷工程,张家港绿能深冷工程有限公司
张家港圣达因特种装备,张家港中集圣达因特种装备有限公司
圣达因低温装备南通,中集圣达因低温装备南通有限公司
张家港保税区欧圣汽车销售,张家港保税区欧圣汽车销售有限公司
,中集安瑞科能源装备（苏州）有限公司
,安捷汇物联信息技术（苏州）有限公司
Full Medal,"CIMC Enric Investment Limited
（于201907更名为：CIMC Enric Investment Limited，更名前：Full Medal Limited）"
Coöperatie Vela Holding U.A.,Coöperatie Vela Holding U.A.
ENRIC Tank and Process B.V.,CIMC ENRIC Tank and Process B.V.
Noordkoel B.V. ,Noordkoel B.V. 
Holvrieka N.V.,Ziemann Holvrieka N.V.
Holvrieka B.V.,Ziemann Holvrieka B.V.
Holvrieka A/S,Ziemann Holvrieka A/S
Ziemann Holvrieka International B.V.,Ziemann Holvrieka International B.V.
Nirota B.V.,Nirota B.V.
Ziemann Holvrieka GmbH,Ziemann Holvrieka GmbH
Ziemann Asia-Holding,Ziemann Holvrieka Asia-Holding Co. Ltd.
Ziemann Asia-Pacific,Ziemann Asia-Pacific Co. Ltd.
Ziemann USA ,Ziemann Holvrieka Inc.
Burg Service B.V.,Burg Service B.V.
,Briggs Group Limited
,Briggs Holdings Limited
,Briggs of Burton PLC
,Briggs Pension Trustees Limited
,Briggs of Burton Inc.
,Giusti Limited
,Burnett & Rolfe (Burton) Limited
,DME Process Systems Ltd
,CIMC Enric Tank and Process Ltd
,Enric GTH Singapore Investment Holdings PTE. LTD. 
,CIMC Enric Energy Engineering (S) PTE. LTD. 
,中集绿建环保新材料（连云港）有限公司
,中集环境科技有限公司
,中集能源装备服务（江苏）有限公司
宁夏长明,宁夏长明天然气开发有限公司
山西天浩,山西天浩清洁能源有限公司
青铜峡长明,青铜峡市长明天然气有限公司
亿能新能源,宁夏长明亿能新能源开发有限公司
万里豪运输,宁夏万里豪运输有限公司
高沙窝站,宁夏长明高沙窝天然气加气站有限公司
王乐井站,宁夏长明王乐井天然气加气站有限公司
双闽新能源,石嘴山双闽新能源有限公司
中集博格,嘉兴中集博格罐箱服务有限公司
贵州银科,贵州银科环境资源有限公司
环科云南,中集（云南）再生资源有限公司
东莞集科安,东莞市集科安商务咨询有限公司
诸暨环保,诸暨安瑞科环保公司
罐箱英国研发中心,CIMC Tank Engineering & Service Ltd.
,陕西安瑞科气体机械有限公司
宜川天韵,宜川天韵清洁能源有限公司
LFTS,Lindenau Full Tank Services GmbH
Offshore Holdings,CIMC Offshore Holdings Limited
Raffles Leasing Pte,CIMC Raffles Leasing Pte Ltd
Raffles Investments,CIMC Raffles Investments Limited
Floating Castle,Floating Castle Limited
Offshore (Singapore),"CIMC RAFFLES OFFSHORE (SINGAPORE) PTE. LTD.
中集来福士海洋工程（新加坡）私人有限公司"
Offshore Accomodation Pte,Bluewhale Offshore Pte. Ltd.
Pelican Waters Investment,Pelican Waters Investment Ltd
Deepwater Venture Pte,Bluewhale Offshore Rig Management Pte. Ltd.
Gadidae AB,Gadidae AB
Marine Subsea & Consafe ,Marine Subsea & Consafe Limited
Caspian Driller Pte,Caspian Driller Pte. Ltd.
Ocean Challenger Pte,Ocean Challenger Pte. Ltd.
Coral Offshore Pte,Coral Offshore Pte. Ltd.
Anasol,Anasol Limited
Master Driller,Master Driller Limited
天津凯胜租赁,天津凯胜海洋工程设备租赁有限公司
White Coral Offshore,White Coral Offshore Limited
烟台来福士,"烟台中集来福士海洋工程有限公司
Yantai CIMC Raffles Offshore Ltd
"
海阳来福士,"海阳中集来福士海洋工程有限公司
Haiyang CIMC Raffles Offshore Ltd"
龙口来福士,Longkou CIMC Raffles Offshore Ltd
Distinct International,Distinct International Limited
Infinitum International,Infinitum International Limited
Dynamic Driller ,Dynamic Driller Limited
Ocean Prospector,Ocean Prospector Limited
Elegant Driller,Elegant Driller Ltd
Surpass Driller,Surpass Driller Ltd
Deepwater Explorer,Deepwater Explorer Limited
Gulf Driller I,Gulf Driller I Limited
Gulf Driller II,Gulf Driller II Limited
Top Driller,Top Driller Limited
Proficient Offshore,Proficient Offshore Limited
Brilliant Offshore,Brilliant Offshore Limited
Dynamic Driller II,Dynamic Driller II Limited
Gulf Driller III,Gulf Driller III Limited
Future Success International,Future Success International Ltd
海工研究院,中集海洋工程研究院有限公司
CMIC Ocean,"CMIC Ocean En-Tech Holding Co., Ltd.(原名：TSC Offshore Group Limited ）
"
Ultra Charm Global,Ultra Charm Global Limited
Oriental Charms International,Oriental Charms International Limited
SWEET DEALS HOLDINGS,SWEET DEALS HOLDINGS LIMITED
COLOURFUL RAINBOW HOLDINGS,COLOURFUL RAINBOW HOLDINGS LIMITED
Colour Waves Offshore,Colour Waves Offshore Limited 
Bassoe Technology AB,Bassoe Technology AB
Brevik  Engeering AS,Brevik  Engeering AS
Gulf Driller IV,Gulf Driller IV Limited
Gulf Driller V ,Gulf Driller V Limited
Ocean Innovator,Ocean Innovator Limited
Elegant Driller I,Elegant Driller I Ltd
Elegant Driller II,Elegant Driller II Ltd
Elegant Driller III,Elegant Driller III Ltd
Elegant Driller IV,Elegant Driller IV Ltd
铁中宝,"烟台铁中宝钢铁加工有限公司
Yantai Tiezhongbao  Steel  Processing Co.,Ltd . 
"
中集海控,"中集海洋工程有限公司
CIMC Offshore Holidings Co., Ltd"
天津蓝水,天津蓝水海洋工程合伙企业（有限合伙）
烟台蓝海洋,烟台中集蓝海洋科技有限公司
Prometheus Venture B.V.,Prometheus Venture B.V.
CIMC OOS PROMETHEUS B.V.,CIMC OOS PROMETHEUS B.V.
CIMC Offshore AS,CIMC Offshore AS
CIMC Offshore International,CIMC Offshore International holding Pte. Ltd.
Elegant Driller SG,Elegant Driller Pte Ltd
Surpass Driller SG,Surpass Driller Pte Ltd
Dynamic Driller II SG,Dynamic Driller II Pte Ltd
Gulf Driller IV SG,Gulf Driller IV Pte Ltd
Gulf Driller V SG,Gulf Driller V Pte Ltd
BWO MX,BWO Mexico S.A. de C.V.
经海渔业,烟台经海海洋渔业有限公司
,板块本部
烟台中集莱佛士船业,"烟台中集莱佛士船业有限公司
Yantai CIMC Raffles Shipyard Co., Ltd
"
Raffles Yacht,CIMC Raffles Yacht Limited
南隍城海洋,山东南隍城海洋开发有限公司
重卡,集瑞联合重工有限公司
联合卡车营销公司,集瑞联合卡车营销服务有限公司
佳景科技,芜湖佳景科技有限公司
联合新能源,芜湖联合新能源重卡产业技术研究院有限公司
安徽联合飞彩,安徽联合飞彩车辆有限公司
玉柴联合动力,玉柴联合动力股份有限公司
安徽飞彩集团,安徽飞彩（集团）有限公司
深圳三华卓悦,深圳三华卓悦投资有限公司
河南一达天下物流,河南一达天下物流科技有限公司
合肥创宇新能源,合肥创宇新能源科技有限公司
现代物流,中集现代物流发展有限公司
中集国际航运,中集国际航运有限公司
SPEEDIC ENTERPRICE,SPEEDIC ENTERPRICE CROP.
Speedic Equipment Services,Speedic Equipment Services Corp
Asia cargo,亚洲凌云有限公司（Asia cargo）
东莞小飞鱼,东莞中集小飞鱼物流科技有限公司
中世运投资,中世运（北京）投资有限公司
中世运物流,中世运（北京）国际物流有限公司
中世运贸易,中世运（北京）国际贸易有限公司
中世运货代,中世运（天津）国际货运代理有限公司
中世运香港,中世运（香港）国际物流有限公司
丑鸭,丑鸭有限公司
中集凯通,中集凯通物流发展有限公司
张家港凯通,张家港凯通国际物流有限公司
江苏凯通,江苏凯通航运有限公司
凯通武汉,中集凯通（武汉）物流发展有限公司
凯通江西,中集凯通（江西）物流发展有限公司
凯通陕西,中集凯通（陕西）物流发展有限公司
中集苏杭,中集苏航（常州）物流有限公司
凯通江苏国际,中集凯通江苏国际多式联运有限公司
凯通苏州,中集凯通（苏州）物流发展有限公司
广西凯通,中集凯通（广西）供应链管理有限公司
宇常通,宇常通多式联运（江苏）有限公司
柏坚控股,柏坚国际控股有限公司
栢坚香港,柏坚货柜机械维修有限公司
深圳柏坚,柏坚货柜机械维修（深圳）有限公司
上海柏坚,柏坚货柜机械维修（上海）有限公司
青岛恒丰,青岛恒丰物流有限公司
上海振洋,中集振洋（上海）物流有限公司
上海东华,东华集装箱综合服务有限公司
上海利帆,上海利帆集装箱服务有限公司
宁波服务,宁波中集集装箱服务有限公司
南方服务,"深圳南方中集集装箱服务有限公司
Shenzhen Southern CIMC Container Service Co. Ltd."
盐田服务,深圳中集盐田港集装箱服务有限公司
泰国服务,CIMC LOGISTIC SERVICE (THAILAND) COMPANY LIMITED
广州服务,广州中集集装箱维修服务有限公司
中集集新,中集集新物流发展有限公司
南方物流,深圳南方中集物流有限公司
振华物流,振华物流集团有限公司
天津报关行,天津振华报关行有限公司
青岛报关行,青岛振华报关行有限公司
天津船代,天津振华国际船舶代理有限公司
宁波船代,宁波振华国际船务代理有限公司
大连船代,大连振华国际船务代理有限公司
连云港船代,连云港振华国际船舶代理有限公司
青岛船代,振华国际船务代理（青岛）有限公司
上海船代,上海振华国际船务代理有限公司
盐城船代,盐城振华国际船舶代理有限公司
烟台船代,烟台振华国际船务代理有限公司
物流运输,天津振华国际物流运输有限公司
振华东疆,振华东疆（天津）有限公司
保税仓储,天津振华国际贸易保税仓储有限公司
振华油站,天津港保税区振华加油站
港湾油站,天津港保税区港湾加油服务有限责任公司
振华香港,振华物流（香港）有限公司
豊華,豊華物流有限公司
振华海晶,天津振华海晶物流有限公司
天津国润,天津国润振华能源技术有限公司
凯昌石油,天津港保税区凯昌石油销售有限公司
供应链,振华（天津）供应链管理有限公司
集装箱服务,天津振华集装箱服务有限公司
振华东非,振华物流（东非）有限公司
营口船代,营口振华国际船务代理有限公司
蓬莱船代,蓬莱振华国际船务代理有限公司
振华坦桑尼亚,振华物流（坦桑尼亚）有限公司
振华卢旺达,SUMMIT INTERNATIONAL LOGISTICS LTD
振华越南,振华物流（越南）有限公司
涅浦顿,涅浦顿供应链科技（上海）股份有限公司
Neptune,Neptune Shipping Limited
涅浦顿供应链管理,上海涅浦顿供应链管理有限公司
上海翘曲点,翘曲点供应链（上海）有限公司
江苏涅浦顿,江苏涅浦顿供应链有限责任公司
青岛涅浦顿,青岛涅浦顿供应链科技有限公司
大连涅浦顿,大连涅浦顿供应链科技有限公司
山东翘曲点,山东翘曲点供应链管理有限公司
首农食品,天津港首农食品进出口贸易有限公司
赤峰绿田园,赤峰绿田园农场有限公司
加华海运,加华海运有限公司
世铁特货,世铁特货（北京）国际物流有限公司
上海德威,上海柏坚德威集装箱维修有限公司
青岛捷丰,青岛捷丰柏坚货柜维修有限公司
天津金狮,天津金狮柏坚集装箱维修有限公司
大连集龙,大连集龙柏坚货柜维修有限公司
大连集龙物流,大连集龙物流有限公司
厦门中集海投,厦门中集海投集装箱服务有限公司
青岛港联华,青岛港联华国际物流有限公司
宁波北仑东华,宁波北仑东华集装箱服务有限公司
宁波地中海堆场,宁波地中海集装箱堆场有限公司
鑫都货运,鑫都货运有限公司
上海天珠,天珠（上海）国际货运代理有限公司
日邮振华,日邮振华物流（天津）有限公司
川崎振华,川崎振华物流（天津）有限公司
首农牧业,天津首农东疆牧业有限责任公司
青岛港国贸,青岛港国际贸易物流有限公司
ZPMC-RED BOX,ZPMC-RED BOX ENERGY SERVICES LIMITED
天津港振华,天津港中集振华物流有限公司
滨海中远,天津滨海中远集装箱物流有限公司
中集东瀚,中集东瀚（上海）航运有限公司
天达控股深圳,中集天达控股（深圳）有限公司
天达控股香港,"中集天达控股有限公司
（原：中国消防集团企业控股有限公司）                   
CIMC-TianDa Holdings Company Limited"
万承科技,"万承科技有限公司
（原：万盛科技有限公司）
Wang Sing Technology Limited"
中国消防,"中国消防企业集团有限公司
（原：盈亚国际贸易有限公司)
China Fire Safety Enterprise Group Limited"
萃联集团,"萃联集团有限公司                 
Allied Best Holdings Limited"
萃联（中国）,萃联（中国）消防设备制造有限公司
中消装备,"中消装备投资有限公司     
CFE Appliances Investment Company Limited"
四川川消,四川川消消防车辆制造有限公司
中集智慧消防,"四川中集智慧消防科技有限公司
（原：四川川消汽车服务有限公司）"
PGL,Pteris Global Ltd
IRIPL,Inter-Roller Investments Pte. Ltd.
IRES,Inter-Roller Engineering Services Pte. Ltd
PGSG,Pteris Global (Singapore) Pte. Ltd.
AMPL,AeroMobiles Pte. Ltd.
PGSB,Pteris Global Sdn. Bhd
IRME,CIMC Pteris Middle East LLC
PGBJ,Pteris Global (Beijing) Ltd.
PGSZ,Pteris Global (Suzhou) Ltd.
PGIN,Pteris Global (India) Pte Ltd
PGUS,Pteris Global (USA) Inc.
PGCA,Pteris Global (Canada) Inc
Air Marrel,CIMC Air Marrel SAS
天达空港,深圳中集天达空港设备有限公司
民航协发,民航协发机场设备有限公司
天达物流,深圳中集天达物流系统工程有限公司
廊坊空港,廊坊中集空港设备有限公司
昆山物流设备,昆山中集物流自动化设备有限公司
郑州金特,郑州金特物流自动化系统有限公司
天达(龙岩)投资,中集天达(龙岩)投资发展有限公司
天达香港,中集天达空港设备(香港)有限公司
天达俄罗斯,Russia-Tianda Ltd.
天达吉荣,深圳中集天达吉荣航空制冷有限公司
中集车库,深圳中集智能停车有限公司
天达荷兰控股,CIMC-TIANDA Netherlands Coöperatief U.A
天达荷兰服务,CIMC-TIANDA Airport Services B.V.
天达美国,"CIMC TIANDA USA, INC."
Albert Ziegler GmbH,Albert Ziegler GmbH
"Ziegler Feuerschutz,Rendsburg伦茨堡",Albert Ziegler Feuerschutz GmbH
"Ziegler Verwaltungsgesellschaft,Mulau慕劳",Ziegler Verwaltungsgesellschaft mbH
"Ziegler Feuerwehrgerätetechnik GmbH & Co. KG,Mulau慕劳",Ziegler Feuerwehrgerätetechnik GmbH & Co. KG
"Ziegler Auslandsholding GmbH,Giengen/Brenz金根",Ziegler Auslandsholding GmbH
Ziegler Dutch Holding B.V.，Winschoten/Niederlande,Ziegler Dutch Holding B.V.
"Ziegler Brandweertechniek B.V.,Winschoten/Niederlande温斯霍滕/荷兰",Ziegler Brandweertechniek B.V.
"Visser B.V.,Leeuwarden/Niederlande莱瓦顿/荷兰",Visser B.V.
"Signalis B.V.,Winschoten/Niederlande温斯霍滕/荷兰",Signalis B.V.
"Ziegler d.o.o.,Zagreb/Kroatien萨格勒布/克罗地亚",Ziegler d.o.o.
"Ziegler Italiana S.R.L.,Lana/Italien拉娜/意大利",Ziegler Italiana S.R.L.
"Ziegler Hasičská Technika S.r.o.,Brno/Tschechien布尔诺/捷克",Ziegler Hasičská Technika S.r.o.
深圳齐格勒,齐格勒消防及救援车辆销售服务（深圳）有限公司 
"P.T. Ziegler Indonesia,Jakarta/Indonesien雅加达/印度尼西亚",P.T. Ziegler Indonesia
思蓝公司,Cela S. r. L.
Top Gear,CIMC Top Gear B.V（Dutch）
CIMC Flight B.V (Dutch）,CIMC Flight B.V (Dutch）
众联产学研,深圳众联产学研科技有限公司
天达富诚,中集天达富诚航空设备成都有限公司
上海金盾,上海金盾特种车辆装备有限公司
沈阳捷通,沈阳捷通消防车有限公司
舜盾科技,上海舜盾科技有限公司
消防服务,中集天达消防技术服务有限公司
沈阳锐达,沈阳锐达消防装备制造有限公司
抚顺顺达,抚顺顺达消防制造有限公司
融资租赁,中集融资租赁有限公司
Financial Leasing（HK）,CIMC Financial Leasing (Hong Kong) Ltd
Cimc leasing USA,Cimc leasing USA INC.
扬州嘉阳资产,扬州市嘉阳资产管理有限公司
Ready Media,Ready Media Limited
Smart Pathfinder,Smart Pathfinder Limited
Starry Result,Starry Result Limited
Powerlead Holdings,Powerlead Holdings Ltd 
Perfect victor investments,PERFECT VICTOR INVESTMENTS LIMITED 
Alltime Services,Alltime Services Ltd
Concept Fortune,Concept Fortune Ltd
Concept Treasure,Concept Treasure Ltd
Fort Frontier,Fort Frontier Ltd
Noble Dragon Inv,Noble Dragon Inv Ltd
Wealth Frontier,Wealth Frontier Ltd
扬州德昌元,扬州德昌元运输有限公司
青岛德昌元,青岛德昌元运输有限公司
芜湖市德昌元,芜湖市德昌元道路运输有限公司
前海融资租赁,中集前海融资租赁（深圳）有限公司
Able Luck Global,Able Luck Global Limited
Advance Matrix,Advance Matrix Limited
Chosen Partner Inv,Chosen Partner Investments Limited
City Horizon Enterprises,City Horizon Enterprises Limited
Maxluck Global,Maxluck Global Limited
Perfect Day Enterprises,Perfect Day Enterprises Limited
Rainbow High Enterprises,Rainbow High Enterprises Limited
Super Precise,Super Precise Limited
True Champion Enterprises,True Champion Enterprises Limited
Ultimate Idea Holdings,Ultimate Idea Holdings Limited
Leasing transportation,CIMC Leasing transportation Limited
厦门弘信博格,厦门弘信博格融资租赁有限公司
厦门弘集,厦门弘集贸易有限公司
香港弘集,弘集（香港）集装箱发展有限公司
天津弘信博格,天津滨海新区弘信博格融资租赁有限公司
Great Speed Financial Leasing,Great Speed Financial Leasing Limited
郑州恒润能源,郑州恒润能源有限责任公司
Gretha Coöperatief U.A.,Gretha Coöperatief U.A.
中集永骏,中集永骏（天津）融资租赁有限公司
中集永业,中集永业（天津）融资租赁有限公司
中集永兴,中集永兴（天津）融资租赁有限公司
中集永隆,中集永隆（天津）融资租赁有限公司
Option Best Investments,Option Best Investments Limited
Sky Investor,Sky Investor Limited
Symbol Success Investments,Symbol Success Investments Limited
Victor Token,Victor Token Limited
Genius Explorer,Genius Explorer Limited
CIMC Capital(Australia) Pty ,CIMC Capital(Australia) Pty Ltd
Genius Explorer Mangement,GENIUS EXPLORER MANAGEMENT LIMITED
CIMC Glasswork,CIMC Glasswork Limited
Dynamic,CIMC Dynamic Limited
Trafford,CIMC Trafford Limited
Manchester,CIMC Manchester Limited
,Eternal Manner Limited
,Eternal Path Development Limited
,Precise Fort Development Limited
,Precise Noble Limited
Sharp Path,Sharp Path Development Limited
,First New Horizon Owner Limited 
,Second New Horizon Owner Limited 
,Third New Horizon Owner Limited 
,Fourth New Horizon Owner Limited 
中集永发,中集永发（天津）融资租赁有限公司
Eternal Finder,Eternal Finder Limited
Sound Noble,Sound Noble Limited
Sound Path,Sound Path Development Limited
天津永旺,天津永旺机械设备租赁有限公司
天津集盛,天津集盛机械设备租赁有限公司
天津集顺,天津集顺机械设备租赁有限公司
天津集祥,天津集祥机械设备租赁有限公司
Maxluck Champion,Maxluck Champion Limited
MaxLuck Plus,MaxLuck Plus Limited
Maxluck Fort,Maxluck Fort Limited
Brilliant Manner,Brilliant Manner Limited
Brilliant Noble,Brilliant Noble Limited
Brilliant Park,Brilliant Park Limited
Brilliant Pathfinder,Brilliant Pathfinder Limited
Lush Advance,Lush Advance Limited
Lush Treasury,Lush Treasury Limited
Lush Resource,Lush Resource Limited
Lush Universal,Lush Universal Limited
Lush Symbol,Lush Symbol Limited
Lush Finder,Lush Finder Limited
Leith Hill,Leith Hill Limited
Platinum Haze,Platinum Haze Limited
Roydon Mount,Roydon Mount Limited
First Smart D2,First Smart D2 Limited
First Smart Westhill,First Smart Westhill Limited
Second Smart D2,Second Smart D2 Limited
Second Smart Westhill,Second Smart Westhill Limited
Third Smart D2,Third Smart D2 Limited
Third Smart Westhill,Third Smart Westhill Limited
Bright Prometheus,Bright Prometheus Limited
Bright Athena,Bright Athena Limited
Bright Apollo,Bright Apollo Limited
Bright Symbol,Bright Symbol Limited
Bright Poseidon,Bright Poseidon Limited
Geryncon,Geryncon UG (haftungsbeschränt)
Gerchicon,Gerchicon UG (haftungsbeschränkt)
Geryaocon,Geryaocon UG(hftgsb.)& Co KG
Gerecon,Gerecon UG(hftgsb.)& Co KG
Geroncon,Geroncon UG(hftgsb.)& Co KG
Gertiecon,Gertiecon UG(hftgsb.)& Co KG
Gerfucon,Gerfucon UG(hftgsb.)& Co KG
Gerdecon,Gerdecon UG(hftgsb.)& Co KG
Grace Advance,Grace Advance Limited
Grace Plus,Grace Plus Limited
Grace Pathfinder,Grace Pathfinder Limited
Grace Treasury,Grace Treasury Limited
Grace Splendor,Grace Splendor Limited
Grace Symbol,Grace Symbol Limited
Qianhai Financial Leasing (Singapore),CIMC Qianhai Financial Leasing (Singapore) Pte Ltd
Sinrecon,Sinrecon Pte Ltd
Sinchicon,Sinchicon Pte Ltd
Sinicon,Sinicon Pte Ltd
Splendor Advance,Splendor Advance Limited
Splendor Plus,Splendor Plus Limited
Splendor Pathfinder,Splendor Pathfinder Limited
Splendor Treasury,Splendor Treasury Limited
Splendor Symbol,Splendor Symbol Limited
Splendor Result,Splendor Result Limited
Propitious Advance,Propitious Advance Limited
Propitious Pathfinder,Propitious Pathfinder Limited
Propitious Treasury,Propitious Treasury Limited
Propitious Symbol,Propitious Symbol Limited
Propitious Development,Propitious Development Limited
Propitious Result,Propitious Result Limited
Propitious Horizon,Propitious Horizon Limited
Rosy Plus,Rosy Plus Limited
Rosy Pathfinder,Rosy Pathfinder Limited
Rosy Treasury,Rosy Treasury Limited
Rosy Symbol,Rosy Symbol Limited
Joyful Advance,Joyful Advance Limited
Joyful Pathfinder,Joyful Pathfinder Limited 
Joyful Treasury,Joyful Treasury Limited
Joyful Plus,Joyful Plus Limited
Joyful Symbol,Joyful Symbol Limited
Joyful Development,Joyful Development limited
Joyful Result,Joyful Result limited
舟山长宏,舟山长宏国际船舶修造有限公司
上海海工院,中集船舶海洋工程设计研究院有限公司
科曼德,COMMNADER SHIPPING LIMITED
CIMC Qianhai Hongkong,"CIMC Qianhai Commerce&Trading Co.,Limited"
Ocean Pathfinder ,Ocean Pathfinder Limited
Ocean Treasury,Ocean Treasury Limited
Ocean Symbol,Ocean Symbol Limited
Ocean Result ,Ocean Result Limited
Ocean Horizon ,Ocean Horizon Limited
Golden Pathfinder ,Golden Pathfinder Limited
Golden Symbol ,Golden Symbol Limited
Golden Result ,Golden Result Limited
财务公司,中集集团财务有限公司
红树资本,红树资本环球有限公司（Mangrove Capital Limited）
红树基金,红树基金管理（深圳）有限责任公司
红树竟成,深圳红树竟成创业投资合伙企业（有限合伙）
中集产城,深圳市中集产城发展集团有限公司
中集骏宇,深圳市中集骏宇置业有限公司
东莞产业园,东莞中集创新产业园发展有限公司
东莞市云创业,东莞市中集云创业产业园投资管理有限公司
江门云创,江门中集云创管理有限公司
阳江地产,阳江市中集房地产开发有限公司
青岛产业园,青岛中集创新产业园发展有限公司
扬州天宇,扬州中集天宇投资有限公司
扬州宏宇,扬州中集宏宇置业有限公司
扬州达宇,扬州中集达宇置业有限公司
镇江润宇,镇江中集润宇置业有限公司
华宇酒店,扬州中集华宇酒店投资有限公司
望月楼管理,深圳市望月楼酒店管理有限公司
深圳物业,深圳市中集物业服务有限公司
东莞物业,东莞中集物业服务有限公司
阳江物业,阳江市中集物业服务有限公司
江门市天宇物业,江门市中集天宇物业管理有限公司
扬州天宇物业,扬州中集天宇物业管理有限公司
扬州物业,扬州中集物业服务有限公司
镇江物业,镇江市中集物业服务有限公司
集创产业园,深圳集创产业园运营管理有限公司
信汇益金,深圳市信汇益金投资合伙企业（有限合伙）
辰宇投资,深圳市辰宇投资发展有限公司
东莞菁英公寓,东莞中集菁英公寓管理有限公司
扬州商管,扬州中集文昌商业中心管理有限公司
星联科技,深圳市中集星联科技有限公司
中集低轨,深圳市中集低轨卫星物联网产业园发展有限公司
东莞同裕,东莞市同裕城市更新产业发展有限公司
东莞正易,东莞市正易投资有限公司
深圳智城,深圳市中集智城企业发展有限公司
产城投资,深圳市中集产城投资发展有限公司
上海智城,上海中集智城企业发展有限公司
上海菁鹰,上海中集菁鹰置业有限公司
上海智飞,上海智飞置业有限公司
天集投资,深圳市天集产城投资发展有限公司
南京天集,南京天集产城发展有限公司
东莞天集,东莞市天集科技产业园有限公司
集达发展,深圳市集达发展有限公司
集宏投资,深圳市集宏投资有限公司
集盛发展,深圳市集盛发展有限公司
集星发展,深圳市集星发展有限公司
集宇发展,深圳市集宇发展有限公司
集远投资,深圳市集远投资有限公司
前海中碧,深圳前海中碧产城发展有限公司
曲靖中碧,曲靖市中碧瑞房地产开发有限公司
商启置业,深圳市商启置业有限公司
乐艺置业,深圳市乐艺置业有限公司
太子湾商融,深圳市太子湾商融置业有限公司
太子湾商泰,深圳市太子湾商泰置业有限公司
辰宇公寓,东莞辰宇公寓管理有限公司
顺德宏炬,佛山顺德宏钜科技产业发展有限公司
扬州集创,扬州集创产业园发展有限公司
国兆粤顺,广州国兆粤顺投资有限公司
南京高投,南京高投科技产业招商发展有限公司
东莞集智,东莞市集智产业园发展有限公司
东莞集泓,东莞市集泓产业园发展有限公司
东莞集润,东莞市集润产城发展有限公司
东莞瑞集,东莞市瑞集产城发展有限公司
前海集城,前海集城实业发展（深圳）有限公司
扬州集智,扬州集智房地产有限公司
泰宇置业,东莞泰宇置业有限公司
集金物业,上海集金物业服务有限公司
中碧物业,深圳市中碧物业服务有限公司
中山天集,中山市天集科技产业发展有限公司
天集湘投,深圳市天集湘投投资发展有限公司
天集和盛,深圳市天集和盛投资发展有限公司
碧集智谷,深圳市碧集智谷投资发展有限公司
农银树仁,深圳中集农银树仁投资合伙企业（有限合伙）
长沙天集,长沙市天集容德地产开发有限公司
集平产城,深圳市集平产城发展有限公司
前海分公司,深圳市中集物业服务有限公司前海分公司
中集申发                                     ,中集申发建设实业有限公司                                     
上海丰扬,上海丰扬房地产开发有限公司
智荟分公司,深圳市中集物业服务有限公司智荟运营分公司
菁英家园,深圳市中集物业服务有限公司菁英家园客户服务中心
模块化设计,中集模块化建筑设计研发有限公司
载具控股,中集载具控股有限公司
中集多式联运,中集多式联运发展有限公司
东莞中集多式联运,东莞中集麦田联合多式联运有限公司
Global Pacific,Global Pacific Link Limited 
CIDC USA,CIMC Intermodal Development USA Co
中集优拼,深圳中集优拼科技有限公司
CGIC,江门中集广珠多式联运有限公司
大连中集,大连中集特种物流装备有限公司
大连物流,大连中集物流装备有限公司
天津物流装备,天津中集物流装备有限公司
天津康德,天津康德物流设备有限公司
苏州良才,苏州良才物流科技股份有限公司
良才塑胶,苏州良才塑胶有限公司
良才新材料,苏州工业园区良才新材料有限公司
苏州智物,苏州智物数字科技有限公司
苏州驭云,苏州驭云信息技术服务有限公司
苏州慷保,苏州慷保供应链管理有限公司
才智物流,苏州才智物流装备有限公司
广州良才,广州良才包装设备有限公司
吉林渤良,吉林省渤良物流装备有限责任公司
长春陆晟,长春陆晟物流装备科技有限公司
重庆长良,重庆长良物流科技有限公司
中集易租,深圳中集易租科技有限公司
中集天晟,北京中集天晟科技有限公司
佛山物流,佛山中集物流装备有限公司
上海新之途,上海新之途物流有限公司
沈阳物流,沈阳中集物流装备有限公司
广西物流,广西南方中集物流装备有限公司
瑞集物流,瑞集物流（芜湖）有限公司
中集智慧托盘,深圳中集智慧托盘有限公司
模块化建筑投资,中集模块化建筑投资有限公司
广东建筑制造,广东中集建筑制造有限公司Guangdong CIMC building construction Co. Ltd 
MBS （HK）,CIMC MBS Hong Kong Limited
EVERISE,EVERISE CAPITAL PTY LTD
GLOBAL,GLOBAL PLUS PTY LTD
HARVEST,HARVEST AVENUE PTY LTD
模块化建筑（澳洲）,中集模块化建筑（澳洲）有限公司CIMC Modular Building Systems (Australia) Pty Ltd 
Verbus International（Verbus）,Verbus International Limited
Verbus Systems,CIMC MBS LIMITED
CIMC Developments,CIMC DEVELOPMENTS LTD
CIMC MBS,VERBUS SYSTEMS LTD
Development Australia,CIMC Development (Australia) Pty Ltd
Adventure,Adventure Explorer Limited
Allpro ,Allpro Investment Limited
Innovate,Innovate Alliance Limited
Bluepicture,Bluepicture Investment Limited
Sharp,Sharp Finder Limited
新会木业公司,"新会中集木业有限公司 
XIN HUI CIMC WOOD CO.LTD .
"
CIMC Westhill,CIMC Westhill Limited
Sharp Manner,Sharp Manner Limited
Sharp Noble,Sharp Noble Limited
深圳设计院,深圳市中集建筑设计院有限公司
集酷股份,北京集酷文化股份有限公司
Bayone,Bayone Corporation
智能科技,深圳中集智能科技有限公司
中集科技,深圳中集科技有限公司
东莞智能科技,东莞中集智能科技有限公司
深圳移动物联国际,深圳中集移动物联国际运营服务有限公司
深圳华大智能科技,深圳中集华大智能科技有限公司
广州中浩控制技术,广州中浩控制技术有限公司
超级蓝领,深圳市超级蓝领网络科技服务有限公司
中弘,深圳中弘装备科技有限公司
香港智能,中集智能（香港）有限公司
中集汇杰,深圳中集汇杰供应链有限公司
共享后勤,深圳中集共享后勤服务有限公司
粤莞先进制造基金,粤莞先进制造产业（东莞）股权投资基金（有限合伙）
中集瑞恒,珠海市中集瑞恒基金管理有限公司
中集装备科技,中集装备科技有限公司
集家美寓,深圳市集家美寓公寓管理有限公司
中集资本控股,中集资本控股有限公司
中集资本管理,中集资本管理有限公司
中集资本国际,"CIMC CAPITAL(INTERNATIONAL)CO.,LIMITED 中集资本国际有限公司"
中集安防,中集安防科技有限公司
中集保理,中集商业保理有限公司
CIMC GROUP,中国国际海运集装箱(集团)股份有限公司China International Marine Containers (Group) Ltd.
CIMC HK,中国国际海运集装箱(香港)有限公司China International Marine Containers (HK) Ltd.
Grow Rapid,Grow Rapid Limited
Maxshine,Maxshine Enterprises Limited
Goldbird Holding（GH）,Goldbird Holding Inc. (B.V.I.) 
Polyearn,Polyearn Development Corp.
创加有限公司,创加有限公司(Creation Charter Limited)
Sharp Vision ,Sharp Vision Holding Limited
True Power,True Power Holdings Limited
Coop CIMC UA,COOPERATIE CIMC U.A
中集管理培训,中集管理培训(深圳)有限公司
深圳中集投资,深圳市中集投资有限公司
宁波西马克贸易,宁波西马克贸易有限公司
北海银,北海银建投资股份有限公司
广东三星,广东三星企业集团股份有限公司
交银施罗德,交银施罗德基金管理有限公司
中铁联合国际,中铁联合国际集装箱有限公司
银路投资（BVI）,"SILVEROAD INVESTMENT LIMITED
银路投资有限公司 "
Silvergreen Holding GmbH,CIMC Silvergreen Holding GmbH
CIMC Europe BVBA,CIMC Europe B.V.B.A. 
BURG,CIMC Burg B.V.
Burg Industries,Burg Industries BV
"Beheermaatschappij ""Burg""","Beheermaatschappij ""Burg"" B.V."
Silvergreen GmbH,CIMC Silvergreen GmbH
Hobur Twente BV,Hobur Twente BV
B.V. Trailer Leasing,B.V. Trailer Leasing Company
Burg Trailers BV,Burg Trailers BV
Silvergreen Immobilen GmbH,Burg Silvergreen Immobilen GmbH（Burg Immobilen gmbl改名后）
SG Trailers Netherlands B.V.,SG Trailers Netherlands B.V.
SG TRAILERS BELGIUM,SG TRAILERS BELGIUM   
Silvergreen Germany GmbH,CIMC Silvergreen Germany GmbH
Fortune,CIMC FORTUNE HOLDINGS LIMITED
首中投资,首中投资管理有限公司
大连重化,大连中集重化装备有限公司
杭州映合,杭州映合投资管理合伙企业（有限合伙）
创智联诚,宁波梅山保税港区创智联诚投资管理合伙企业（有限合伙）
中集同创,深圳中集同创供应链有限公司
前海同创,深圳前海同创新金属材料有限公司
同创浦江,中集同创浦江（上海）贸易有限公司
同创长江,中集同创长江（舟山）贸易有限公司
同创香江,中集同创香江（香港）贸易有限公司
中集睿德信,横琴中集睿德信创新创业投资基金（有限合伙）
东莞集望产业园,东莞集望产业园有限公司
GTA,Gold Terrain Assets Limited   
Supercrown Enterprise,Supercrown Enterprise Inc.(B.V.I.) 
银路投资（HK）,"Silveroad Investment (HK) limited
银路投资（香港）有限公司 "
银路木业,"Silveroad Wood Products （Cambodia）Limited
银路木业（柬埔寨）有限公司 "
Topco Forestry N.V.(Suriname) ,Topco Forestry N.V.(Suriname) 
重庆中集,中集（重庆）物流装备制造有限公司
冷链科技,深圳市中集冷链科技有限公司
冷链发展,中集冷链发展有限公司
中集麒谷,深圳前海中集麒谷投资有限公司
翌科新材料,南通中集翌科新材料开发有限公司
天亿投资,深圳天亿投资有限公司
天亿合伙,深圳市中集天亿股权投资管理合伙企业（有限合伙）
江苏锐成,江苏锐成机械有限公司
路演中,深圳市路演中网络科技有限公司
成都以达,成都以达通信设备有限公司
利华能源,利华能源储运股份有限公司
中亿新威,四川中亿新威能源有限公司
云洲智能,珠海云洲智能科技有限公司
美心翼申,重庆美心翼申机械股份有限公司
 ,上海商桥供应链顾服务有限公司
松泉投资,深圳松泉投资有限公司
天翔投资,新余市天翔投资管理合伙企业（有限合伙）
天高投资,新余市天高投资管理合伙企业（有限合伙）
中集海工投资公司,深圳中集海工投资有限公司
Windpower Ventures,Windpower Ventures Limited
CIMC Bluewhale Rig,CIMC Bluewhale Rig Limited （原名称Frigstad  Deepwater Limited）
CIMC Bluewhale Rig I,CIMC Bluewhale Rig I Limited（原名称Frigstad  Deepwater Alfa Limited）
CIMC Bluewhale Rig II,CIMC Bluewhale Rig II Limited（原名称 Frigstad  Deepwater Beta Limited）
CIMC Transportation,CIMC Transportation Equipment (International) Holdings Limited
Mindframe Inv,Mindframe Investments Limited
Isle Horizon,Isle Horizon  Limited
Smart Coin,Smart Coin Limited
Prometheus Coöperatief U.A.,Prometheus Coöperatief U.A.
Gretha Venture B.V.,Gretha Venture B.V.
CIMC OOS GRETHA B.V.,CIMC OOS Gretha B.V.
EFFECTIVE TIME,Effective Time Investments Limited
Highyield Capital,Highyield Capital Limited
NORTH SEA RIGS HOLDINGS,North Sea Rigs Holdings Ltd
Ocean Beacon,Ocean Beacon Limited
Beacon holdings Group,Beacon Holdings Group Ltd
Fine Edge Ventures,Fine Edge ventures Limited
Beacon Pacific Group,Beacon Pacific Group Ltd.
中集水投,共青城中集水投环保产业投资合伙企业（有限合伙）
上海商桥,上海商桥供应链服务有限公司
逗号科技,深圳逗号互联科技有限公司
银隆新能源,银隆新能源股份有限公司
沸创医疗,杭州沸创医疗科技有限公司